actor_id,film_id
50,674
172,552
6,507
39,371
37,931
168,784
68,488
102,487
132,775
49,247
148,175
73,471
21,387
7,390
172,911
106,549
181,640
156,153
141,358
178,98
13,264
70,262
84,405
177,924
77,239
194,281
174,642
32,172
193,189
37,326
157,711
197,14
45,583
160,498
140,681
43,720
55,727
119,388
75,258
49,568
86,900
166,647
98,48
64,383
117,426
150,799
134,440
6,946
183,932
151,396
12,449
56,288
152,207
35,461
37,963
46,407
69,797
88,459
129,255
79,824
55,625
96,709
99,398
90,502
26,276
200,830
90,783
28,146
43,793
197,872
161,103
27,265
8,554
93,334
25,547
34,679
39,135
175,38
194,143
9,668
58,455
51,77
197,576
60,415
19,445
79,293
32,284
173,307
22,50
78,181
163,826
24,605
69,735
46,554
161,410
149,413
94,226
182,829
42,445
46,394
161,552
81,379
48,588
96,756
35,346
184,867
13,636
20,641
99,230
99,860
42,49
137,570
176,128
103,653
115,588
168,377
85,675
18,732
154,243
191,17
167,151
129,176
70,707
117,467
47,561
192,495
81,904
34,473
193,180
34,816
94,797
33,652
20,128
30,352
106,120
6,460
173,836
50,179
160,426
127,131
113,108
168,131
7,71
9,203
179,136
20,642
146,271
23,943
190,674
181,311
180,422
134,413
175,649
46,149
79,395
154,526
159,881
28,488
103,743
39,151
198,535
27,957
48,109
165,628
77,905
97,932
82,886
90,492
61,113
25,176
76,259
113,574
125,404
89,845
2,863
87,898
22,953
78,724
126,388
105,636
100,24
173,171
116,408
120,32
192,52
50,279
26,803
155,338
101,629
48,547
12,563
170,544
47,379
119,156
63,138
133,345
169,967
85,316
137,580
13,479
193,354
48,944
13,561
3,930
147,876
192,711
193,981
193,565
171,72
89,767
14,520
92,677
130,244
166,392
107,916
31,905
93,703
2,957
116,583
59,56
108,252
176,404
42,158
59,342
43,12
157,400
103,559
165,451
63,548
66,366
124,312
42,692
111,403
82,850
80,479
137,271
60,673
160,111
153,484
7,111
179,99
114,959
35,804
189,540
200,88
72,314
56,157
65,113
37,275
73,918
110,130
190,42
15,214
70,388
58,627
16,423
17,161
92,554
143,97
81,404
110,981
73,150
14,170
12,134
142,876
30,732
173,414
47,547
35,882
34,80
124,484
154,601
6,989
81,133
172,226
1,254
36,716
78,3
135,160
186,70
96,401
45,980
150,571
114,555
39,809
141,784
140,650
151,984
7,660
59,730
139,915
109,362
159,342
65,596
145,106
156,205
96,296
188,970
138,215
8,489
129,22
177,476
185,432
47,492
70,70
171,482
49,835
161,578
79,124
92,389
51,443
123,865
2,397
190,125
138,262
153,881
181,26
169,481
159,948
37,399
21,113
15,125
27,10
21,189
101,690
190,248
139,956
20,787
38,928
15,295
9,941
159,253
200,879
36,947
143,10
58,867
36,324
92,892
127,255
67,616
23,454
67,506
63,982
66,936
152,158
140,362
109,603
67,299
176,800
64,682
92,902
6,910
70,725
107,199
155,586
5,962
189,72
98,557
20,29
148,80
5,653
179,483
101,286
132,253
131,1
30,400
85,77
198,599
101,994
36,978
3,694
184,393
158,669
84,541
137,243
71,211
38,373
50,162
19,31
147,235
56,562
108,980
95,163
181,917
27,148
177,762
132,347
3,527
148,485
59,546
81,723
70,256
132,296
106,48
74,901
94,489
173,940
27,624
163,155
28,264
106,473
92,546
179,120
23,28
196,985
83,901
68,311
57,898
89,710
53,975
141,631
179,432
29,780
141,403
119,265
135,739
64,721
86,957
14,842
59,463
188,332
96,828
173,500
148,846
143,205
93,318
78,226
37,461
26,214
117,924
43,815
42,390
85,453
117,729
92,311
137,264
125,451
17,310
90,867
104,744
187,452
15,348
63,212
75,13
167,494
198,223
165,521
161,254
16,188
49,453
117,141
71,396
149,518
101,519
110,153
185,675
57,891
163,24
90,219
70,602
18,961
185,190
152,166
50,48
103,683
97,122
109,589
155,699
100,259
182,212
131,926
135,30
156,821
108,236
108,289
56,182
180,244
132,157
198,316
199,139
100,59
185,827
73,555
152,592
102,437
165,765
51,314
16,419
8,570
112,771
74,489
146,264
200,592
25,146
99,797
121,21
195,537
180,665
33,272
196,181
185,17
94,614
91,703
107,927
75,291
160,281
64,872
84,68
186,628
172,321
136,209
16,699
33,332
102,536
137,885
47,175
116,347
198,940
70,512
30,960
172,451
8,986
96,282
199,873
47,546
121,914
126,336
181,168
140,711
187,520
158,970
151,547
47,69
120,584
121,989
30,913
109,496
83,786
162,930
28,603
39,789
95,950
91,156
168,994
18,607
95,356
148,244
127,784
121,909
152,835
192,735
121,438
102,87
167,129
8,888
179,687
117,324
9,860
101,877
150,16
40,544
119,870
76,991
43,600
20,277
18,128
35,161
119,424
131,123
82,47
105,78
9,330
46,12
36,755
200,154
69,208
185,406
113,538
168,664
35,858
183,170
175,791
113,262
149,739
43,804
175,8
13,897
36,169
24,209
85,696
176,216
63,848
135,847
194,180
72,18
150,521
129,653
80,334
132,758
48,956
89,277
115,286
183,241
30,77
184,860
63,482
158,716
196,274
101,150
106,470
26,609
96,64
200,864
143,845
86,530
136,539
160,886
147,79
147,857
168,286
13,49
166,848
21,297
188,754
135,930
65,430
69,170
54,214
107,991
24,912
167,346
167,367
52,495
3,132
66,662
70,775
97,897
52,619
40,952
81,61
198,354
25,678
132,178
24,866
40,116
135,262
51,794
36,262
64,282
84,350
20,196
137,371
31,41
192,36
100,94
119,862
105,235
170,645
93,165
192,96
97,748
1,977
28,562
120,908
126,108
99,304
108,902
22,224
31,647
200,241
147,862
161,312
88,379
48,733
23,271
185,274
137,14
66,871
15,916
174,624
102,355
82,352
155,537
27,971
179,694
120,160
151,342
2,100
31,549
178,673
138,104
189,406
76,307
105,218
163,888
133,576
131,734
88,5
67,774
164,320
24,322
199,924
182,947
85,866
65,233
196,521
191,472
198,301
9,87
61,455
133,175
157,312
44,435
11,244
65,163
73,131
109,547
185,482
48,253
132,326
52,751
37,431
123,795
92,821
112,10
71,209
118,349
102,1000
177,805
187,48
89,904
91,600
30,875
84,743
96,266
59,722
168,2
199,732
192,939
129,451
53,514
48,971
145,934
148,596
145,17
89,196
8,862
96,848
194,29
40,868
28,733
4,617
99,843
71,16
114,885
167,762
170,897
85,511
164,650
154,525
77,245
172,993
168,734
80,963
119,427
160,353
171,295
66,310
157,384
5,495
77,256
7,909
144,660
58,375
7,220
186,395
52,146
53,935
18,614
193,352
16,438
28,279
75,405
41,855
16,561
170,333
150,831
75,663
23,574
29,397
84,674
97,299
28,195
56,877
86,751
53,142
108,614
187,240
4,263
136,637
64,673
13,892
51,606
145,367
60,368
87,974
136,655
18,844
191,202
8,131
106,814
8,189
78,603
95,970
130,486
124,388
107,399
131,6
40,300
35,975
130,955
120,910
124,565
174,934
101,387
155,319
17,831
161,835
89,407
64,753
40,818
130,581
60,437
87,318
25,179
198,37
158,795
87,735
3,524
135,823
10,642
3,164
20,45
182,324
19,675
88,902
3,553
41,28
101,71
187,65
29,362
54,173
194,197
18,272
8,469
78,794
103,169
198,809
166,628
136,418
87,671
156,350
46,529
35,309
47,901
12,82
130,420
106,21
130,573
73,969
66,870
148,788
165,337
18,253
61,245
32,317
50,820
112,451
176,37
32,366
137,887
102,450
18,474
137,532
151,370
89,189
90,247
74,113
98,851
151,29
37,179
154,370
34,853
134,912
150,850
42,373
12,94
132,622
154,132
86,906
80,577
162,884
85,875
191,711
177,294
124,174
197,116
52,522
8,419
15,680
194,763
114,470
34,935
178,415
125,515
85,76
72,197
170,386
164,82
175,832
193,830
48,738
7,666
36,505
162,933
113,800
170,655
181,14
182,970
89,899
197,811
57,858
129,725
115,826
149,569
70,536
97,723
76,719
65,897
20,111
53,485
80,558
24,438
186,224
59,431
189,407
25,941
101,903
130,149
22,666
32,970
124,601
126,661
135,955
188,144
106,739
181,909
63,281
168,127
93,478
179,998
68,549
102,659
167,405
173,523
155,292
138,875
80,542
158,262
55,596
85,927
170,616
60,720
119,296
31,735
200,525
96,682
118,479
76,569
144,726
30,116
19,618
31,408
152,586
171,896
23,192
107,712
148,470
28,988
6,991
134,728
164,970
52,272
15,202
61,481
93,293
117,935
58,127
79,949
163,390
8,277
139,762
61,170
152,310
168,248
198,889
117,464
99,342
20,26
11,956
157,33
191,772
3,499
31,346
196,797
164,670
145,445
153,72
129,402
200,554
198,351
168,443
180,161
157,800
93,397
150,24
198,225
102,199
55,645
74,193
66,359
8,713
143,689
159,423
145,977
118,109
19,386
196,966
43,146
174,745
28,391
174,301
60,928
91,623
83,787
174,469
93,283
167,651
169,454
141,545
13,861
159,371
44,187
160,576
16,406
172,136
104,716
62,176
31,704
176,998
57,859
10,362
157,754
128,921
72,348
171,492
62,144
4,517
15,987
81,439
2,63
136,18
91,578
19,105
169,447
37,276
88,900
111,145
200,939
19,234
181,202
172,349
101,425
46,40
169,43
60,565
89,62
66,627
62,826
195,885
197,218
150,729
43,852
32,302
168,76
7,535
119,53
123,12
106,782
31,362
52,55
46,527
86,506
108,811
115,216
4,848
139,852
170,412
70,839
147,352
21,472
95,615
139,692
138,294
125,351
54,310
190,8
82,397
105,52
74,583
15,654
104,240
180,687
51,685
113,331
102,66
17,758
5,213
83,374
187,727
156,385
53,488
91,31
144,748
34,663
83,418
38,267
161,411
101,291
167,630
80,162
160,527
44,706
74,594
167,646
26,409
60,302
19,103
61,731
199,155
101,757
129,603
137,87
121,337
34,772
138,866
140,142
24,267
176,414
76,996
129,554
138,255
78,371
162,10
145,260
125,569
169,664
114,495
130,653
162,342
39,783
45,213
113,660
109,121
34,435
144,184
13,934
108,263
156,211
191,534
5,338
103,772
130,146
131,947
163,564
123,774
165,980
51,208
53,489
77,107
5,423
4,520
66,617
77,756
116,931
191,632
20,815
159,79
178,970
160,274
17,192
23,29
21,954
139,313
90,278
77,884
20,327
33,761
145,227
191,542
42,673
115,486
158,191
143,89
150,971
117,776
5,571
5,978
123,543
112,920
88,38
143,746
65,693
78,45
192,168
132,462
109,751
112,126
190,954
174,237
37,397
62,253
186,555
94,433
186,378
59,331
186,248
26,288
160,864
130,267
66,191
60,646
54,472
145,457
113,632
11,251
145,281
35,219
37,145
172,805
162,440
145,216
77,435
112,659
61,44
135,172
196,394
43,497
9,640
161,120
17,808
125,699
164,734
79,1
186,103
139,894
89,63
161,479
170,907
151,798
144,451
81,784
26,238
29,619
196,485
118,283
28,944
193,723
112,592
26,733
70,40
59,544
162,740
127,796
29,207
42,668
97,479
96,631
134,601
101,208
79,418
153,176
59,348
17,38
59,7
173,284
39,117
190,578
99,260
155,461
23,801
18,395
9,311
145,551
64,928
128,82
108,529
122,550
49,125
56,508
190,91
117,264
47,882
144,392
196,549
180,567
86,91
189,773
58,19
179,630
153,975
31,80
32,765
100,79
200,273
126,177
58,152
141,79
71,841
122,976
80,947
128,343
143,359
129,259
149,955
108,15
44,355
7,780
51,905
178,434
32,479
63,159
170,95
58,429
141,20
153,233
59,741
11,261
28,531
63,207
157,30
22,195
151,530
149,22
33,867
161,964
131,942
126,394
51,425
43,145
30,330
25,277
74,189
9,359
73,963
88,421
68,844
150,565
166,272
142,989
133,46
88,914
66,330
142,422
142,823
56,777
158,793
194,383
30,907
67,225
63,940
124,932
123,848
61,545
117,244
6,678
147,622
20,823
97,948
46,10
108,177
5,438
28,737
108,144
92,921
86,442
72,933
22,891
194,248
23,72
127,589
24,742
168,999
9,652
153,875
137,279
37,712
2,924
161,326
88,925
20,275
30,85
192,606
37,229
117,971
160,846
40,968
151,870
48,554
46,873
145,731
68,23
49,12
48,906
57,142
72,442
130,281
162,169
122,413
125,839
2,603
151,145
187,203
81,159
121,979
34,496
197,849
96,522
170,801
101,763
121,273
142,909
199,737
98,629
116,421
125,180
63,80
116,411
87,911
14,896
178,279
95,969
12,374
75,541
7,791
29,427
28,223
92,91
126,865
124,644
26,440
192,872
122,122
38,651
53,615
57,468
166,699
125,977
18,545
193,967
89,609
118,322
169,960
77,974
190,648
149,488
26,161
182,10
128,364
50,65
152,749
81,50
75,873
29,512
37,807
113,931
44,90
136,917
33,337
46,237
66,54
144,943
34,493
157,811
95,339
143,730
9,906
27,433
89,642
147,242
187,22
62,278
30,168
5,297
108,419
190,657
181,85
62,895
60,844
174,557
145,13
43,544
29,248
61,101
139,665
83,307
170,948
178,6
131,757
26,173
4,576
44,696
86,782
182,309
142,552
97,943
174,125
16,293
128,617
66,827
29,171
83,30
123,872
122,718
118,56
177,636
148,909
57,643
37,661
59,857
140,10
131,152
109,534
198,389
118,205
150,630
191,474
167,397
62,285
147,12
71,438
190,116
152,925
133,398
19,630
61,982
118,773
158,629
100,29
118,202
149,779
133,753
48,116
8,3
114,218
172,429
51,155
134,385
123,197
103,629
105,685
200,829
42,702
116,315
98,445
130,177
99,754
88,235
169,711
140,222
136,198
124,531
168,17
174,129
182,189
182,520
174,911
155,63
108,246
149,698
144,751
168,308
12,340
56,848
9,452
64,352
181,687
41,460
169,601
20,102
8,964
9,288
97,466
198,190
173,977
143,572
197,548
3,464
13,115
64,255
14,111
36,305
50,498
117,985
196,912
128,528
19,446
20,580
39,589
195,234
191,995
182,642
56,255
194,876
161,444
92,194
4,128
114,910
144,627
48,750
164,861
64,445
13,500
197,642
193,659
25,569
59,36
176,323
159,179
77,676
147,588
167,185
134,736
152,922
153,543
102,19
137,799
43,467
91,126
154,814
93,494
135,337
153,514
174,431
72,149
49,8
27,403
129,111
69,497
109,390
93,629
133,509
188,818
161,893
60,205
99,833
110,578
76,286
188,645
51,122
86,403
19,519
63,978
152,783
76,936
182,167
175,374
81,770
61,968
170,926
116,354
83,800
143,258
3,347
194,688
13,709
70,37
136,652
50,952
41,44
191,762
194,177
72,565
181,922
193,145
118,241
29,205
180,480
114,150
175,99
197,790
181,152
7,242
80,308
59,388
33,687
55,936
163,186
12,640
142,154
175,737
109,504
59,481
174,97
24,826
137,129
6,498
141,854
29,778
91,928
10,480
136,530
165,425
161,759
193,947
89,132
147,606
141,975
73,838
158,46
48,240
32,572
18,787
130,35
69,563
61,772
7,809
152,163
7,937
197,191
41,628
1,142
31,942
99,365
80,310
106,531
33,939
83,892
82,225
99,227
35,653
92,176
152,476
85,639
119,327
116,53
108,498
187,504
138,676
145,982
72,437
28,937
28,750
113,254
31,491
22,823
96,598
26,736
20,770
113,364
161,499
95,816
29,750
47,75
113,588
92,829
196,287
198,914
133,959
155,903
74,360
16,320
147,187
56,968
167,355
16,367
161,487
12,722
108,623
152,363
50,216
7,175
166,74
184,463
36,633
67,531
64,71
54,575
15,23
148,378
188,226
194,131
58,757
167,743
193,650
63,726
35,47
122,927
102,994
31,8
141,805
28,51
64,384
196,56
182,47
2,232
161,820
97,740
113,791
93,335
96,651
12,680
133,922
75,324
108,739
184,440
79,635
98,985
48,222
92,128
61,515
18,929
58,461
17,99
46,598
178,143
116,396
122,237
41,445
80,322
109,865
151,940
171,769
136,907
149,28
26,784
26,923
50,453
112,45
123,198
184,683
170,180
44,619
186,96
83,713
28,498
27,544
171,322
108,203
58,935
76,584
147,905
60,369
82,441
1,95
127,705
109,899
7,743
198,77
184,379
86,5
63,239
164,248
176,141
147,797
96,639
125,218
78,946
61,583
59,257
116,716
38,420
116,92
101,599
27,254
2,393
157,670
182,14
50,847
131,804
75,154
34,720
93,328
106,631
97,645
149,35
170,72
51,639
157,887
14,451
176,758
13,990
183,697
99,682
102,82
159,708
158,180
176,366
108,58
101,357
21,74
81,298
89,542
45,653
171,741
82,270
77,920
155,365
81,851
189,939
2,548
28,463
138,744
159,324
65,275
142,442
72,587
62,662
162,202
90,300
187,84
18,139
44,156
37,165
192,541
186,77
142,551
68,796
88,222
158,445
77,993
182,132
109,346
45,161
55,154
114,97
29,556
41,624
50,560
112,383
181,504
21,463
71,902
171,511
162,722
52,418
48,934
185,147
173,605
169,788
134,984
144,330
80,900
196,190
182,269
195,98
132,268
142,700
128,717
117,926
56,76
20,958
30,729
100,914
4,558
103,500
8,551
200,848
59,754
33,27
199,267
154,920
49,369
93,95
25,746
172,51
161,61
9,726
186,699
36,176
35,87
11,323
4,812
182,184
34,277
60,508
191,514
139,803
107,450
35,460
16,934
92,117
69,183
125,836
112,684
35,621
111,92
136,601
135,931
8,117
196,337
100,257
4,819
108,222
107,564
61,456
11,352
136,355
86,550
87,483
137,624
139,1000
184,41
70,974
142,399
44,832
180,669
29,641
40,979
97,954
27,149
20,419
105,589
88,524
45,508
143,196
60,318
143,50
189,634
128,399
41,504
176,279
96,681
136,107
2,384
90,238
94,408
88,285
73,173
165,802
116,238
187,392
156,518
19,940
5,975
47,370
33,722
200,383
169,439
131,869
186,148
57,281
87,75
29,107
20,509
8,206
170,205
113,285
118,73
25,309
5,472
120,467
171,390
17,949
67,922
176,67
119,419
137,285
48,349
189,675
176,530
156,614
56,271
165,975
24,758
12,354
75,642
77,697
55,859
85,819
2,117
33,576
120,362
37,244
171,727
62,345
123,355
70,671
108,200
35,888
161,453
40,527
49,436
194,670
51,557
21,342
102,564
71,82
102,894
43,43
5,287
105,593
105,658
146,102
94,1
72,137
124,470
90,403
2,363
31,204
2,236
68,827
174,528
166,300
134,830
76,952
51,159
187,644
161,957
34,178
75,849
191,425
23,620
103,570
83,957
21,695
39,270
25,828
64,898
173,910
25,864
187,143
43,948
166,922
59,23
111,465
29,878
191,342
122,575
183,763
9,907
80,345
51,644
155,1
198,257
172,988
169,879
54,799
51,973
151,137
40,23
66,982
38,415
116,306
146,951
39,844
41,282
35,174
136,346
43,598
115,768
93,342
48,852
68,830
184,884
5,273
178,188
16,929
199,576
198,325
56,570
182,118
28,744
188,786
81,833
33,639
82,817
89,452
179,725
191,485
4,358
24,139
116,279
2,901
183,925
30,625
35,186
52,184
9,672
103,515
145,105
197,657
192,60
147,448
29,265
45,331
146,210
81,955
83,467
25,3
94,871
55,526
65,670
182,706
109,579
180,102
53,523
174,748
158,174
179,17
183,832
148,853
64,589
78,243
194,435
174,595
85,278
11,299
48,933
110,569
169,74
153,317
200,289
192,970
122,854
184,475
54,815
178,453
163,58
71,63
170,289
161,680
194,285
115,668
13,100
76,706
73,776
84,817
47,378
175,720
7,875
70,734
118,201
64,782
65,966
127,698
120,193
78,288
45,501
17,588
87,934
12,622
168,534
18,123
143,360
55,341
85,406
20,910
188,488
89,50
71,57
108,199
107,359
100,924
76,863
1,427
84,784
59,771
45,111
59,37
48,31
178,475
25,578
13,828
55,98
103,670
198,943
22,137
9,725
119,20
158,51
192,918
102,736
148,886
100,147
4,513
180,121
162,510
80,669
115,530
120,451
95,551
61,758
131,338
189,617
200,95
100,768
105,924
132,219
103,160
152,891
39,462
155,253
46,979
24,208
189,434
199,293
79,533
139,74
49,441
123,604
169,380
47,276
49,993
170,822
113,150
104,279
147,620
198,412
2,604
175,493
2,354
174,314
127,785
34,974
156,471
114,816
87,399
103,449
70,208
52,656
97,747
165,390
4,236
177,161
41,35
60,725
104,827
121,615
161,35
197,249
92,213
93,936
24,668
188,772
156,555
131,473
93,557
98,128
105,840
44,677
175,993
119,8
111,548
180,338
2,299
133,412
155,673
7,45
89,422
140,106
63,719
22,842
37,462
29,685
15,700
59,275
180,980
43,862
49,248
188,314
32,226
156,832
99,465
145,622
71,572
176,247
24,869
194,181
5,589
96,870
53,476
57,955
181,107
20,586
147,687
29,250
156,330
154,946
95,646
147,320
134,859
68,612
69,984
75,182
182,690
127,282
160,977
196,426
189,864
170,335
122,495
139,662
165,797
127,333
85,911
189,918
60,974
156,890
52,25
10,256
102,466
43,299
167,460
134,115
125,419
186,846
37,402
54,642
71,906
59,518
44,858
63,97
135,145
90,917
123,195
120,870
8,785
92,793
100,371
69,121
133,649
115,847
136,541
197,58
56,730
200,550
181,424
49,916
147,744
168,326
49,672
70,192
25,19
83,810
155,712
3,822
188,327
153,817
85,749
134,511
190,252
21,763
197,75
138,640
121,509
199,43
141,506
53,867
190,184
49,185
104,699
154,569
159,103
32,869
110,526
72,697
101,36
103,409
101,280
190,949
114,507
28,167
185,613
135,327
44,833
187,505
99,930
98,73
5,124
109,33
153,520
15,282
174,268
146,292
69,124
111,856
193,862
46,207
95,289
71,160
109,885
132,459
38,163
98,59
142,243
184,250
56,424
137,117
21,690
120,557
7,960
15,761
100,926
13,233
169,70
155,91
113,200
157,168
45,890
97,138
175,445
50,214
114,436
22,985
71,326
8,54
50,398
102,674
105,853
33,311
109,989
21,957
166,245
84,759
147,400
161,901
109,997
163,438
66,838
36,422
35,702
75,339
31,927
3,639
42,958
66,881
137,777
18,131
83,960
73,766
83,660
40,127
183,58
155,626
113,185
83,436
46,379
121,762
36,985
159,618
93,890
110,571
22,98
54,580
159,607
8,917
48,152
11,819
157,910
140,832
41,122
26,184
176,402
162,450
116,244
168,224
160,814
35,616
114,35
136,644
111,792
57,933
59,737
185,366
89,211
113,129
62,130
162,983
97,773
96,46
20,612
75,491
102,168
100,940
100,564
26,441
6,607
140,301
200,837
67,936
165,735
116,184
161,925
40,640
145,885
75,639
190,817
102,255
146,752
177,482
189,461
151,586
117,648
22,599
59,740
133,280
12,355
100,526
62,209
27,608
69,11
87,336
159,121
199,387
144,921
139,523
143,828
151,689
135,766
19,670
6,657
113,69
46,525
26,981
152,613
118,214
182,751
173,178
31,255
64,413
172,966
126,871
102,291
16,392
93,319
178,116
174,280
95,759
137,927
39,412
1,779
20,640
196,762
75,461
66,744
71,995
118,800
65,304
25,371
156,14
185,382
168,950
171,95
56,567
188,380
171,786
31,79
80,992
153,410
24,169
3,301
25,428
166,487
112,531
126,168
37,885
118,824
26,50
159,952
54,999
96,918
12,812
162,775
123,245
56,513
178,586
121,360
97,546
112,136
31,530
176,978
193,785
44,119
193,586
165,675
105,320
163,857
16,833
56,190
82,263
100,165
30,710
6,982
44,434
26,641
138,630
158,722
17,31
23,623
8,905
56,214
17,633
6,931
32,609
99,154
23,989
98,846
156,913
162,962
63,810
45,33
44,461
111,225
32,111
122,749
144,498
164,217
47,674
36,83
135,193
123,391
127,776
112,472
64,69
173,883
80,587
24,191
103,967
40,572
200,496
9,945
173,144
191,796
192,158
136,761
171,55
172,280
33,535
55,717
198,874
40,956
70,353
29,228
88,688
72,430
111,139
196,908
179,550
90,842
162,974
85,194
23,886
85,276
172,407
24,293
181,272
68,950
100,350
194,941
56,410
190,878
159,15
161,700
112,261
16,765
149,579
4,914
163,348
193,445
133,253
114,908
83,930
84,594
14,409
87,718
2,263
5,638
197,862
119,264
145,293
25,235
52,195
23,144
74,723
21,383
12,153
82,999
67,986
13,891
122,248
161,550
63,729
136,752
195,357
181,211
158,235
72,277
137,918
160,955
68,834
165,725
167,559
82,614
81,90
28,483
181,518
161,76
119,598
184,945
48,138
122,213
80,15
200,819
52,785
20,268
9,795
56,707
144,564
190,334
44,78
40,903
35,671
26,526
18,995
67,923
29,37
200,183
171,36
181,39
26,415
159,705
31,116
71,458
194,34
152,237
135,601
147,542
160,489
104,511
24,216
121,288
46,495
110,788
23,478
10,937
109,3
132,403
120,988
89,14
134,242
194,99
32,827
106,623
97,243
187,851
188,917
48,672
65,130
59,728
160,662
151,330
174,800
73,389
191,22
14,927
151,321
177,951
190,54
177,572
103,662
185,105
21,950
73,100
20,704
41,800
8,351
164,372
47,462
164,857
80,916
54,11
113,516
162,441
38,439
187,148
35,891
28,240
152,430
104,588
105,541
148,451
196,37
131,830
197,44
196,932
131,238
11,449
109,710
171,977
143,883
37,182
72,336
27,513
23,474
89,528
1,760
61,278
165,394
24,516
174,791
171,774
15,366
60,612
134,789
8,904
56,62
100,245
150,626
82,764
194,266
1,67
47,935
11,719
85,853
15,609
194,700
84,731
93,183
200,730
17,814
156,134
176,54
87,260
103,21
168,60
84,118
120,478
95,175
40,135
170,596
125,287
41,194
41,696
139,999
31,305
90,629
156,293
66,232
163,267
78,178
129,279
85,162
133,213
32,66
120,702
7,250
102,502
153,458
48,350
181,634
106,436
180,54
68,491
36,579
113,396
18,295
21,705
94,478
71,481
14,541
66,722
9,970
134,870
20,88
170,873
191,791
199,959
164,833
112,753
149,501
164,429
25,503
41,146
77,791
176,208
38,720
125,932
148,962
139,905
55,551
144,478
139,247
76,693
186,554
67,598
102,822
196,95
176,460
120,657
17,925
80,853
71,257
107,236
99,945
74,895
151,484
180,438
61,856
107,315
137,433
78,757
146,980
42,235
51,998
200,636
47,101
98,959
104,115
89,103
41,740
107,894
40,464
163,362
165,266
22,982
167,974
9,736
70,281
92,493
72,460
126,902
45,1000
186,439
79,186
83,218
188,538
97,480
75,621
15,207
142,378
6,379
135,289
140,445
178,69
21,704
54,730
5,100
182,370
10,814
121,544
189,744
149,36
17,83
107,302
137,326
114,631
39,404
195,852
166,347
151,820
92,2
1,666
128,205
173,859
17,438
8,193
82,823
40,692
19,172
45,476
98,988
55,478
200,461
16,660
197,932
182,283
55,588
162,718
110,793
126,651
198,526
50,597
68,700
73,860
9,480
115,635
76,225
169,236
96,368
83,127
97,266
35,477
197,212
11,848
32,954
30,160
182,479
66,788
58,666
130,474
81,665
66,671
145,729
146,835
30,440
179,225
65,112
48,163
99,345
147,537
187,969
81,195
27,869
68,715
71,971
158,143
179,655
153,790
16,267
107,378
52,81
30,277
123,935
200,620
105,808
149,398
83,627
114,257
28,570
174,331
51,681
131,226
44,583
72,365
99,310
34,170
135,215
110,11
18,639
12,295
68,556
162,683
14,546
195,261
76,621
37,548
134,312
178,178
26,301
150,197
151,304
161,403
64,563
104,236
141,366
80,833
157,333
46,904
21,773
186,38
2,298
112,676
18,258
78,512
99,317
126,985
49,640
53,670
199,343
32,249
42,994
3,89
191,768
38,553
55,476
13,73
102,439
165,466
129,895
103,656
144,890
1,74
64,381
188,1
4,744
168,695
194,537
21,848
152,437
8,151
151,701
152,777
40,68
36,173
188,23
169,35
134,225
171,935
55,238
175,313
75,683
168,188
109,435
19,553
186,44
98,569
8,592
55,608
82,239
122,793
67,883
160,810
199,32
101,881
170,211
26,313
165,999
177,593
174,979
181,574
100,830
21,280
99,74
108,105
48,472
97,59
179,970
7,143
146,237
92,137
192,519
145,756
193,934
85,870
121,282
120,990
131,632
70,474
65,290
131,902
110,293
113,106
122,158
6,411
45,705
109,128
180,408
183,312
55,876
114,480
133,366
155,841
139,40
54,853
163,412
99,418
125,322
107,644
93,298
104,806
184,779
84,498
181,294
42,714
40,513
155,144
103,669
102,474
117,47
125,660
177,935
33,11
95,736
26,37
59,718
158,436
140,367
154,967
89,844
53,158
53,772
186,104
2,148
180,904
104,601
187,878
73,98
103,499
3,206
113,456
148,373
124,614
179,427
111,673
93,134
165,5
15,956
36,930
78,426
77,592
103,704
182,620
122,241
127,944
92,839
135,709
155,115
45,881
25,897
37,417
102,340
20,177
4,247
67,699
173,807
187,838
182,756
102,806
67,448
91,999
68,229
125,353
63,553
59,121
103,411
28,73
42,34
71,490
33,745
54,404
117,488
159,522
1,377
176,231
120,518
148,182
173,592
3,732
61,840
191,996
74,455
86,47
13,211
90,244
78,75
159,166
142,33
1,805
62,455
108,310
134,542
180,684
200,219
125,457
151,22
164,549
84,975
153,36
167,849
72,609
50,67
93,131
91,426
27,338
67,358
165,737
59,491
66,350
147,950
122,571
122,743
45,948
120,530
195,340
163,586
6,151
85,874
114,911
120,286
28,688
129,610
1,171
126,87
132,640
148,753
194,463
30,719
39,814
132,77
90,111
163,49
172,638
125,223
69,780
105,666
4,250
51,661
168,181
149,599
94,667
154,324
183,929
192,803
64,590
140,646
24,446
38,440
104,287
158,725
187,88
81,255
181,755
84,274
97,556
41,324
121,192
64,598
141,674
16,97
27,781
155,671
155,947
128,319
2,790
101,648
85,465
61,381
40,975
103,648
65,841
199,464
181,815
56,325
123,300
47,978
101,741
27,568
187,313
187,346
50,230
189,517
53,617
160,779
12,161
16,212
176,752
182,511
79,702
104,980
194,253
143,271
186,895
11,406
94,155
111,453
106,252
53,827
193,433
173,50
86,270
104,552
45,647
72,474
81,276
116,752
102,611
64,315
175,998
99,164
46,200
24,494
127,616
5,270
52,245
183,772
132,265
52,488
178,514
50,528
61,444
61,50
179,238
73,414
199,720
74,889
179,412
75,275
184,775
165,834
71,94
99,696
157,597
6,135
83,47
192,647
32,914
152,779
179,793
52,817
132,957
197,544
55,659
6,418
76,378
188,985
97,849
154,347
6,57
154,684
61,320
188,60
118,45
20,869
69,692
81,698
189,946
183,818
67,192
13,109
137,416
11,448
184,340
15,83
165,410
3,16
22,651
39,415
102,148
115,790
18,618
96,677
103,466
107,571
43,584
29,849
89,894
36,848
136,169
179,908
29,626
3,373
12,44
184,537
115,255
198,114
78,212
63,387
140,337
158,879
103,961
133,474
23,544
39,858
175,190
197,674
45,974
177,440
172,728
164,346
147,217
172,815
36,950
25,867
26,438
175,959
191,106
139,614
22,829
181,30
108,889
156,376
131,423
9,747
76,450
181,904
115,787
118,170
168,891
178,2
157,139
1,157
16,219
183,649
186,419
57,220
67,580
176,950
199,997
82,932
69,93
147,169
11,938
82,954
7,952
197,414
58,664
77,119
47,609
133,214
147,298
127,119
25,853
107,848
109,842
20,700
116,49
32,983
9,901
149,576
163,966
47,322
25,342
149,990
43,871
64,699
14,285
165,124
113,899
103,919
177,964
200,771
73,775
17,291
164,971
62,5
77,792
32,298
184,503
192,812
7,328
129,86
156,167
58,17
137,83
13,370
78,834
156,247
61,552
86,978
177,253
145,180
126,215
132,471
50,929
97,204
199,249
136,133
111,940
29,506
32,439
153,371
78,765
139,671
142,723
109,477
151,223
89,88
103,487
6,421
148,391
51,532
76,265
23,987
105,751
150,894
10,618
79,41
146,167
174,544
163,879
12,849
24,390
2,533
123,105
84,770
7,541
30,594
62,179
129,712
145,166
51,754
51,854
193,285
8,736
81,677
125,147
32,527
6,980
91,574
158,383
73,118
189,161
21,205
165,661
78,806
34,542
82,10
74,959
110,996
36,197
161,666
109,772
132,442
193,327
108,35
187,553
149,319
95,573
194,223
150,448
122,227
88,61
125,647
126,950
149,540
10,428
166,528
181,705
125,997
176,601
193,404
48,627
18,328
120,696
108,253
39,106
199,573
149,472
4,71
81,507
54,565
134,146
123,508
143,339
118,909
101,74
121,445
153,808
200,25
157,604
91,750
185,640
151,872
47,481
117,301
32,427
88,583
27,272
28,32
94,499
112,539
66,470
139,210
92,781
78,9
174,452
182,942
86,210
41,672
169,512
135,3
196,653
32,105
54,426
194,245
12,908
69,632
12,148
138,404
185,584
59,742
45,131
51,519
8,614
153,742
65,143
48,558
183,367
97,847
151,131
32,723
29,487
79,26
167,356
61,516
48,582
176,304
34,87
61,694
157,680
44,778
113,908
137,131
104,650
95,39
198,96
151,948
136,918
16,341
30,610
126,867
70,653
119,263
25,705
108,382
185,936
124,235
173,484
50,529
200,886
77,463
69,244
160,556
86,543
200,662
81,62
39,808
36,565
194,879
12,995
144,821
85,578
148,361
180,236
11,321
84,506
44,180
115,938
163,613
145,181
181,369
147,179
28,883
77,28
107,271
24,586
138,24
192,97
165,788
22,103
145,444
182,921
197,54
72,645
54,238
181,363
43,279
14,630
100,482
96,746
9,871
165,915
104,337
129,304
186,855
138,589
105,303
172,727
117,526
111,278
111,8
190,287
3,463
94,410
74,815
137,159
87,813
184,28
198,104
102,68
171,113
12,406
199,185
70,142
45,787
12,662
68,86
119,235
163,119
4,139
88,644
35,877
181,59
166,904
72,768
138,439
48,89
15,758
37,401
135,730
95,494
30,103
98,336
163,78
30,102
156,26
31,823
24,449
150,782
40,648
25,764
133,749
107,929
90,115
194,473
133,409
103,331
80,864
110,619
10,975
177,611
21,768
124,607
60,162
24,790
60,143
51,70
132,613
59,861
102,174
147,654
141,236
154,794
145,809
156,56
131,157
188,386
167,681
23,666
125,374
40,22
180,779
27,202
14,95
88,609
37,926
199,300
146,529
37,109
17,27
113,50
59,41
90,592
87,952
176,689
121,280
48,598
12,723
127,518
95,108
130,14
141,351
154,612
144,708
15,71
175,150
64,328
127,540
6,32
33,503
185,434
2,593
22,91
124,207
89,631
95,754
121,724
24,468
85,551
5,567
183,397
55,869
100,668
28,293
11,710
157,713
186,168
90,951
4,112
102,36
194,391
131,421
23,589
47,855
83,982
174,393
80,343
44,613
41,32
87,797
132,612
103,623
95,904
111,95
19,742
174,609
37,398
66,482
52,972
115,43
20,293
10,458
122,561
166,670
40,376
130,985
146,627
115,456
116,36
89,698
136,229
128,847
71,226
36,139
169,972
193,117
139,672
166,597
174,578
111,337
36,945
49,424
197,546
167,905
131,597
125,610
173,517
27,163
159,311
45,407
182,419
59,246
26,482
155,300
147,466
112,797
159,289
76,295
84,245
39,620
81,812
67,707
33,493
152,713
125,568
190,111
143,342
187,939
35,967
68,517
104,870
103,637
141,40
104,194
16,52
145,57
88,136
59,815
69,728
115,506
176,945
7,728
19,783
34,7
198,592
54,79
51,93
27,835
88,356
197,154
62,853
140,181
64,850
93,370
150,317
106,957
85,633
161,534
138,71
185,753
7,665
199,832
2,395
37,668
173,153
8,515
125,626
28,250
114,894
57,791
83,490
153,452
83,757
85,427
103,729
107,25
193,722
159,855
107,679
104,987
100,648
127,911
189,681
98,484
69,62
19,910
96,791
62,377
26,545
104,328
90,638
119,402
7,608
16,183
180,465
61,453
25,716
40,387
25,816
12,426
59,103
171,628
59,230
159,41
27,796
12,947
109,408
85,337
73,59
17,96
27,313
138,123
96,901
113,91
133,951
177,927
39,439
159,161
108,731
72,604
49,64
24,466
62,275
7,556
58,998
54,377
139,392
103,725
28,974
200,324
36,766
196,758
133,462
186,445
84,101
146,868
90,45
44,93
91,102
149,292
51,726
178,235
162,468
167,194
47,866
144,979
60,246
185,704
66,577
110,438
32,597
154,481
8,242
165,252
169,31
21,854
155,608
157,6
69,926
117,740
152,808
27,318
95,917
185,900
93,666
145,214
26,929
21,551
29,612
66,803
134,891
46,661
88,634
183,348
144,893
16,338
36,241
5,581
45,518
39,45
45,3
122,491
10,437
108,745
43,385
81,164
13,878
67,988
66,151
197,671
150,495
28,228
194,374
77,869
113,507
148,799
152,443
180,835
119,275
118,794
79,625
85,457
98,295
27,292
23,408
60,937
4,256
160,134
48,393
91,142
163,915
123,230
56,591
116,832
106,227
28,624
5,170
109,675
160,349
95,402
42,776
124,676
56,872
23,957
95,476
31,513
2,954
182,272
50,485
126,722
40,296
192,314
182,91
51,579
86,183
34,204
102,996
173,815
159,729
15,686
189,199
122,409
43,413
50,821
174,148
99,390
125,900
89,332
53,843
73,281
83,602
180,603
96,566
51,601
112,187
50,905
63,961
74,551
101,809
190,365
124,64
2,573
41,923
177,255
87,881
78,91
154,903
110,992
105,953
196,131
147,186
70,664
74,381
49,506
135,304
47,392
123,178
63,780
196,353
181,134
22,522
109,785
185,163
100,119
94,719
45,723
19,803
21,713
156,954
68,457
9,269
67,544
97,300
139,440
12,194
99,302
134,531
95,862
113,76
82,615
86,509
183,553
75,433
36,473
66,926
147,396
152,687
104,788
78,273
163,560
46,843
35,815
98,167
33,654
63,959
60,581
71,985
74,446
63,306
39,555
32,556
94,535
56,854
121,800
104,549
51,378
145,239
84,312
100,941
157,687
9,67
41,417
178,788
46,328
72,328
174,298
170,751
76,886
172,733
68,154
53,985
168,99
62,986
33,821
27,555
32,282
31,601
113,677
144,397
32,704
67,186
57,789
36,506
20,482
178,823
107,887
193,376
77,386
148,94
50,901
3,196
143,118
58,616
77,876
33,641
127,648
59,21
190,76
154,383
147,24
163,92
146,455
122,337
72,916
17,916
153,524
120,668
112,519
137,471
150,217
69,768
43,627
125,212
152,183
167,814
23,566
37,756
90,595
179,170
128,225
127,588
95,187
128,65
109,965
146,243
173,231
40,963
138,337
79,324
161,161
129,206
89,719
67,404
68,282
10,489
9,625
143,313
140,39
20,231
169,161
26,156
161,166
51,586
126,897
184,976
31,370
71,56
14,47
33,271
54,434
134,986
167,963
95,49
138,821
121,653
73,945
57,166
32,668
186,194
67,121
48,537
164,358
127,382
157,81
161,736
157,496
148,558
92,424
156,686
91,432
19,352
150,407
124,268
5,845
88,745
50,842
20,846
193,217
10,989
182,472
93,34
130,936
171,330
170,294
153,493
96,432
181,672
135,644
85,121
119,12
130,330
127,199
33,691
76,349
70,903
2,493
152,289
143,577
142,594
35,775
167,43
138,540
72,598
15,352
97,634
67,56
125,398
70,639
193,139
115,779
30,708
177,637
108,715
23,719
160,403
19,616
13,651
14,230
64,210
143,328
66,290
106,379
62,222
47,355
74,158
183,337
88,269
115,94
137,961
171,817
101,516
44,744
128,776
65,522
86,873
52,89
8,356
76,537
19,498
137,767
98,859
166,994
148,887
182,621
121,964
32,354
162,233
92,134
144,567
199,891
80,7
98,716
30,287
136,36
18,647
74,544
196,443
143,713
69,187
84,513
30,773
132,692
178,728
55,279
55,351
129,426
195,403
185,691
29,819
158,39
38,392
114,409
167,628
185,870
190,108
25,681
177,677
125,124
41,134
92,548
123,294
82,936
56,159
22,814
84,361
160,163
112,518
145,573
89,71
145,831
192,763
86,257
10,101
185,352
92,196
66,520
112,569
167,820
66,847
178,622
117,102
106,797
185,668
80,474
106,964
144,910
197,908
8,942
199,200
189,21
157,225
196,858
17,201
138,918
15,619
138,553
165,399
148,503
52,401
30,602
163,360
106,999
101,96
180,586
162,249
19,134
31,537
173,35
66,623
178,576
193,788
82,145
20,717
197,974
76,26
24,337
93,356
172,901
187,261
199,922
97,512
15,197
170,255
130,866
42,215
180,369
49,201
1,144
107,656
165,808
14,133
74,943
60,909
104,829
178,25
117,137
150,477
8,783
49,140
84,469
138,930
33,134
155,601
78,876
15,706
32,365
100,452
41,768
55,435
146,767
96,52
49,371
124,473
175,282
156,996
61,879
166,611
15,669
112,365
57,70
8,134
147,207
65,451
132,270
68,870
8,67
8,197
57,516
33,289
198,158
147,406
64,546
39,744
75,397
184,413
133,880
74,129
17,909
71,105
197,535
79,316
50,735
168,174
63,767
93,341
5,955
46,293
190,558
6,555
157,757
162,511
177,313
96,881
145,318
20,248
110,710
178,799
3,979
171,78
156,511
154,334
66,651
48,319
168,155
162,991
87,561
124,52
31,689
80,880
121,861
135,469
196,18
58,549
196,611
162,387
150,40
83,370
199,93
198,67
40,934
147,445
48,824
86,815
164,479
53,880
128,231
104,216
53,299
70,849
182,510
40,166
152,969
125,739
100,250
61,411
131,219
107,999
54,482
169,60
2,223
27,762
176,604
133,556
152,679
37,232
32,44
153,321
183,532
66,405
160,451
57,72
146,328
200,438
130,918
93,23
62,428
60,988
78,531
80,742
175,546
183,819
17,942
34,847
174,594
162,165
98,30
7,8
194,428
34,53
152,475
120,204
12,100
125,904
43,971
134,960
96,330
14,686
159,538
68,124
86,316
199,940
73,395
58,315
4,611
78,130
95,32
33,765
3,915
18,383
9,499
104,385
77,88
121,62
93,892
45,456
51,245
149,151
82,959
151,784
1,902
36,680
61,863
75,249
31,884
191,421
31,18
22,225
198,253
10,659
25,157
5,795
97,394
5,592
74,41
136,847
128,665
200,456
6,238
173,590
147,629
51,962
41,527
102,701
34,366
99,321
110,953
78,837
97,564
13,513
60,129
35,807
119,704
52,866
42,852
92,133
119,662
68,536
124,530
198,39
197,763
133,436
5,908
55,306
153,447
120,79
112,568
126,891
160,406
150,617
77,229
77,815
108,989
93,258
197,948
176,233
31,343
77,735
115,882
3,574
136,964
142,627
155,369
72,749
74,362
26,29
197,398
28,852
192,646
54,46
98,871
102,836
46,920
144,528
6,340
34,365
65,676
164,678
133,331
131,657
195,560
104,130
10,317
9,56
64,940
37,19
92,950
200,880
51,929
88,708
95,543
71,184
17,380
89,726
95,320
129,356
100,45
102,59
104,90
122,699
6,271
142,329
106,45
36,767
64,66
40,939
155,395
54,867
121,193
83,67
184,83
139,29
137,463
172,587
194,71
58,497
190,302
152,327
126,130
110,247
101,989
104,133
102,64
41,301
192,677
155,921
1,109
89,666
73,677
160,747
15,318
198,56
26,819
107,194
81,854
115,747
44,990
3,522
100,331
107,619
102,52
70,371
97,90
190,404
114,939
92,721
11,427
19,744
182,771
190,139
92,951
123,515
97,319
29,91
155,457
150,382
82,362
116,759
81,343
148,133
113,479
37,426
163,497
131,161
59,514
71,195
189,923
118,135
41,225
57,8
137,558
78,51
104,857
54,8
185,198
48,927
189,421
163,861
126,826
185,894
152,132
152,407
145,940
120,113
41,115
174,424
35,196
188,214
154,791
133,6
39,423
93,323
9,235
61,827
143,398
145,324
59,323
104,496
163,114
168,684
26,494
185,685
33,527
121,771
30,840
29,222
50,33
149,53
181,956
112,696
138,370
98,798
126,582
146,316
13,594
116,381
138,675
16,55
19,692
171,98
47,838
91,887
136,513
163,655
36,311
19,275
195,669
25,712
164,141
127,611
99,122
78,737
134,691
185,41
133,761
142,816
73,990
106,812
91,317
143,778
71,679
48,685
91,268
188,61
78,706
153,786
179,587
146,105
6,247
8,251
150,640
163,949
7,148
192,750
189,255
21,338
111,562
152,563
123,430
193,674
39,566
67,188
191,903
154,348
115,999
177,310
162,56
162,208
147,828
62,536
165,502
112,444
148,507
127,880
135,361
38,626
72,662
77,262
2,793
161,228
171,158
33,512
64,922
199,544
115,538
174,570
87,138
139,153
53,335
74,325
20,669
71,463
135,264
177,801
57,974
107,837
88,438
58,699
160,30
96,623
129,503
156,93
8,18
36,467
76,666
139,558
53,134
82,837
110,25
176,614
70,272
61,277
102,184
2,334
191,572
72,388
161,573
129,448
171,815
27,683
67,474
97,965
168,346
17,114
56,747
23,160
3,157
173,527
26,268
13,744
110,708
174,876
185,345
99,791
27,391
137,437
121,245
182,455
191,293
89,73
107,740
112,399
197,659
1,343
128,123
44,19
140,522
131,999
86,592
124,212
135,718
109,412
151,303
149,813
36,243
56,202
56,962
16,545
26,964
80,255
89,216
83,482
106,717
199,846
48,36
177,398
175,280
73,144
162,149
141,869
194,215
96,956
21,764
99,425
85,883
32,232
69,637
86,920
118,266
1,438
129,943
11,752
20,810
148,79
94,341
98,144
113,654
22,150
11,129
13,591
194,943
128,459
123,653
58,151
117,395
190,785
20,64
36,652
197,277
45,294
156,767
79,349
136,364
106,147
50,848
138,57
9,687
148,491
178,215
191,215
87,647
187,848
158,181
173,690
160,165
104,855
180,253
62,880
192,532
22,554
51,474
131,695
40,717
92,776
21,317
107,137
181,646
160,603
107,981
167,894
116,977
161,888
33,887
16,915
107,530
88,447
151,682
30,306
97,133
12,625
107,376
153,664
37,443
169,465
2,417
3,672
154,28
47,982
184,570
9,645
48,656
193,854
15,825
99,948
154,891
1,132
49,561
125,536
197,614
51,776
110,973
153,807
19,992
83,254
181,186
18,676
135,722
183,36
35,9
102,791
140,120
83,364
190,534
89,128
69,774
178,702
126,851
121,773
57,645
67,117
25,300
180,43
157,545
23,561
13,682
26,987
167,213
5,936
12,160
171,247
51,942
20,175
40,497
153,832
186,294
146,661
95,643
180,815
22,380
188,701
58,435
98,571
61,663
99,692
182,774
117,152
73,17
52,579
25,517
191,407
117,868
77,173
103,440
18,644
192,772
198,984
127,564
7,132
147,698
8,594
53,659
63,912
187,451
171,47
53,429
134,38
54,820
145,521
66,497
181,899
179,691
194,525
122,229
15,266
159,116
151,598
62,532
56,980
162,255
79,532
146,66
163,834
47,109
163,31
6,100
65,648
29,79
166,125
94,939
40,38
161,966
137,660
117,587
105,806
46,411
123,448
138,105
188,72
14,313
42,457
41,205
180,772
150,527
24,819
69,450
18,888
135,334
159,924
20,874
200,181
164,905
134,580
61,378
96,2
70,758
108,695
49,170
181,690
92,884
181,87
179,740
120,39
56,350
82,249
82,629
124,501
122,738
192,825
77,931
98,1
178,750
135,927
23,423
51,273
92,705
6,547
179,621
61,677
111,256
12,339
122,2
138,773
99,384
18,467
116,302
120,772
46,28
125,384
127,152
15,801
71,983
169,318
132,233
11,866
77,834
15,309
141,41
151,787
133,804
101,849
85,270
194,726
122,777
143,706
93,272
185,597
105,692
144,997
159,782
196,145
87,127
160,914
127,379
29,50
102,281
79,137
82,293
193,292
66,600
92,306
170,185
148,476
87,295
127,72
180,843
54,945
38,749
104,842
90,165
139,152
133,849
56,458
93,254
84,7
53,919
107,66
59,339
196,950
174,134
171,635
5,894
12,237
56,819
62,597
47,476
197,133
87,534
41,691
172,201
104,664
172,876
27,563
116,253
1,845
135,577
40,690
129,622
154,333
84,257
14,646
50,578
69,879
95,452
80,819
165,918
97,9
16,932
10,806
86,480
151,249
144,326
77,469
154,506
199,658
91,436
60,877
155,615
80,702
144,847
70,969
179,205
87,906
171,296
185,880
87,361
158,719
18,418
138,394
135,5
6,91
126,706
108,514
146,341
116,687
47,829
128,774
116,27
114,825
140,753
57,366
100,480
41,538
42,815
9,921
38,384
64,9
53,214
93,61
45,906
86,573
73,117
4,504
79,43
96,17
7,958
175,123
85,178
133,349
94,744
76,160
82,987
82,945
58,289
122,985
100,344
131,500
156,975
108,229
165,550
3,159
141,341
167,380
52,131
127,552
177,949
144,762
2,579
51,613
181,924
96,206
163,217
122,288
176,626
91,355
23,262
171,20
131,626
177,759
107,340
21,312
47,599
116,921
190,622
196,814
162,297
84,207
101,734
69,140
1,731
5,400
182,830
77,524
114,108
123,415
10,728
5,313
99,578
113,716
31,975
173,525
151,472
116,383
66,248
151,438
135,542
49,975
187,796
54,909
2,370
112,377
42,285
113,676
165,276
121,324
124,778
22,914
163,319
128,905
68,367
168,703
23,869
181,105
153,226
2,720
62,437
7,371
153,636
13,880
108,887
199,39
179,637
34,824
110,435
54,344
154,522
30,880
67,830
111,212
73,989
129,393
193,936
188,483
10,122
108,363
21,555
193,314
34,637
144,118
194,835
159,827
167,850
31,207
10,743
165,253
184,54
100,481
162,555
59,400
184,691
140,435
84,3
159,934
30,347
47,428
134,598
1,322
56,841
181,928
76,452
80,142
155,50
142,673
153,834
106,97
199,816
116,804
143,309
98,387
116,885
76,1
12,174
187,562
161,876
2,45
49,299
173,885
143,497
34,675
98,381
78,39
69,168
135,317
177,351
38,973
161,175
45,340
66,48
94,918
195,479
65,317
50,172
107,183
51,697
27,48
53,329
71,217
44,616
134,508
86,421
52,883
150,585
35,154
11,75
120,421
28,923
22,710
146,676
163,150
128,686
122,349
178,442
83,626
71,352
174,897
67,60
116,962
136,450
18,12
69,560
97,912
161,826
9,331
15,243
114,536
22,516
144,907
156,297
162,832
196,718
83,309
123,422
198,85
17,980
135,2
22,309
40,110
176,502
65,171
135,686
108,412
30,253
168,754
62,174
123,42
18,645
184,238
17,833
62,978
32,225
109,693
79,360
49,259
148,876
80,741
158,965
88,821
43,547
100,406
46,682
179,210
34,619
124,593
136,686
161,222
54,737
92,695
160,724
139,446
192,191
69,995
147,672
74,460
128,713
88,72
63,896
105,62
158,946
79,921
20,15
178,257
100,625
159,725
134,444
99,556
132,32
123,941
37,313
74,472
156,653
63,776
83,899
9,830
5,366
156,282
18,791
51,770
87,666
189,811
127,665
32,841
104,819
158,152
165,760
117,839
21,656
66,767
181,816
169,362
125,408
194,44
122,944
167,33
111,480
31,618
4,887
188,427
176,80
8,514
19,567
37,856
158,544
96,486
54,714
50,83
26,573
72,967
115,542
157,858
119,385
89,683
39,623
4,640
183,953
2,943
86,395
144,865
148,366
132,576
85,324
25,360
73,149
67,825
179,588
15,607
3,946
51,622
81,387
192,306
173,886
179,182
3,457
56,456
94,435
40,781
157,619
189,586
115,560
80,769
4,156
24,770
50,648
109,556
4,651
107,518
16,365
156,616
77,621
26,662
128,19
164,70
117,448
149,65
107,193
164,565
94,373
191,715
19,964
39,317
19,549
124,166
44,88
32,883
14,547
68,983
27,732
146,927
74,783
127,527
145,781
138,76
140,368
106,408
190,70
111,297
97,755
182,826
132,980
104,878
186,943
108,238
30,699
69,443
100,4
155,412
122,977
129,292
135,929
161,127
138,908
36,691
9,400
56,13
140,550
154,257
37,602
48,429
110,719
148,761
95,984
176,303
121,763
187,814
24,73
89,371
176,573
67,343
52,627
187,491
131,703
77,714
170,679
174,885
151,910
78,803
139,821
162,120
1,918
167,749
143,78
79,711
40,465
70,848
134,446
110,720
59,993
164,390
138,776
46,695
147,226
111,44
36,31
126,547
131,458
118,110
182,54
9,199
104,609
117,538
58,609
69,179
65,763
118,989
78,536
147,137
159,359
25,181
13,915
129,946
115,537
162,735
55,111
78,809
53,752
156,934
111,399
129,461
147,176
101,115
86,482
127,153
74,9
41,936
153,409
108,378
93,749
27,234
66,384
95,811
114,146
131,60
134,966
55,901
139,341
157,972
156,236
98,401
121,363
9,661
88,818
169,132
154,292
114,761
137,824
187,645
89,135
145,667
140,688
139,140
36,808
63,640
77,627
89,890
53,57
9,51
171,75
83,622
198,770
188,193
63,944
148,445
68,403
99,702
131,637
86,132
172,629
179,612
71,106
28,610
135,768
118,522
106,776
137,573
86,215
162,728
52,247
133,750
166,573
63,328
43,496
151,519
135,71
193,597
184,325
127,216
63,388
79,98
108,270
96,34
49,430
156,683
34,158
53,978
136,983
71,314
37,171
6,821
20,320
144,335
155,243
71,362
119,667
22,348
68,273
88,878
89,679
67,405
130,562
30,492
3,88
77,956
30,111
100,200
47,221
30,635
132,273
115,982
160,996
120,893
8,579
60,702
24,614
151,983
162,276
60,363
148,494
166,926
73,96
100,320
49,54
80,50
53,505
8,744
25,98
37,302
42,47
180,755
74,162
121,46
170,408
164,559
170,374
78,89
123,654
197,381
128,22
130,820
121,492
32,362
139,601
183,23
91,691
28,523
146,551
88,340
25,67
105,974
137,289
64,160
151,271
127,898
192,721
119,143
170,523
163,943
135,860
87,45
91,991
46,727
198,135
31,915
165,916
68,903
100,345
113,697
120,783
21,464
134,319
126,438
21,423
130,160
57,361
158,954
112,898
107,146
6,221
47,786
38,293
118,129
3,511
138,441
13,392
97,457
95,152
89,498
80,36
4,355
152,219
37,794
198,461
31,317
150,913
136,940
127,370
121,931
128,968
100,736
95,492
120,539
38,600
166,394
36,927
20,363
181,108
3,84
133,341
187,302
129,1000
98,286
65,417
43,881
10,903
16,820
97,541
10,781
50,415
41,752
183,535
181,73
134,693
97,291
172,630
49,415
127,515
2,878
184,616
177,392
36,926
97,280
24,204
69,442
49,271
168,201
180,850
97,727
173,450
48,837
160,338
112,913
50,717
149,869
86,813
161,56
79,116
147,208
113,587
127,683
114,537
126,453
117,905
142,864
72,714
94,915
83,357
27,747
9,593
150,176
109,485
162,953
162,232
184,858
116,316
19,177
197,854
120,561
101,22
170,310
26,542
79,400
67,765
87,871
122,624
87,30
4,830
196,420
186,942
122,22
73,249
123,25
140,518
23,373
121,501
3,413
196,679
139,979
22,24
106,978
53,19
75,632
140,957
135,886
119,770
12,626
66,89
95,676
141,512
190,112
78,438
129,688
74,739
164,471
34,591
42,110
88,378
97,899
179,533
129,70
15,94
158,547
1,649
5,784
134,327
45,866
42,581
4,371
43,683
96,277
162,446
53,512
79,658
151,623
57,664
26,770
72,417
35,376
182,941
158,141
148,146
74,517
180,483
10,858
96,20
102,341
151,661
105,353
180,553
88,87
122,79
27,714
70,728
48,972
147,349
114,143
96,50
171,758
46,732
50,999
140,479
59,337
81,583
41,711
49,497
123,475
135,992
171,726
66,333
180,160
60,896
175,674
140,975
192,452
95,38
70,857
84,412
67,739
143,513
66,606
150,97
45,460
83,908
119,933
158,975
60,485
59,822
137,561
140,195
125,894
29,62
43,265
119,691
39,667
18,217
75,767
1,608
155,540
114,157
157,673
154,363
10,586
196,62
32,59
102,974
198,59
65,814
106,308
91,492
146,953
26,743
189,555
37,172
166,512
123,225
192,993
29,666
163,538
29,337
185,575
188,323
19,344
71,826
72,809
80,659
29,898
195,233
29,343
39,633
29,350
166,127
56,494
198,674
3,40
101,633
56,644
88,518
27,451
59,907
187,753
53,259
152,981
51,214
129,680
105,114
196,558
32,542
22,548
152,621
146,391
97,128
32,947
24,290
175,324
114,420
31,928
139,310
190,21
147,840
138,165
20,198
50,326
143,679
42,841
185,171
115,785
135,443
184,583
167,991
124,921
93,923
180,196
164,538
89,552
18,828
175,785
190,832
160,214
110,453
186,355
118,993
2,809
172,881
168,90
63,691
169,608
163,734
122,683
13,9
179,703
170,39
125,343
100,821
32,767
16,596
111,356
98,913
5,284
92,864
21,318
177,861
75,1
187,689
34,632
48,206
6,569
59,290
122,320
105,659
153,407
156,377
126,376
75,61
51,394
19,259
122,267
96,661
75,900
37,773
116,888
86,174
18,904
184,418
32,184
109,445
123,896
58,370
68,126
27,438
160,717
6,377
44,55
196,70
4,710
28,588
58,955
110,28
159,875
1,414
24,681
145,475
163,9
156,973
125,567
136,850
170,796
118,38
16,191
127,469
1,710
12,534
29,48
145,692
190,640
157,242
21,800
103,672
17,216
147,113
17,835
130,745
39,321
139,993
106,325
97,936
83,826
40,656
182,933
77,55
11,717
132,690
174,599
99,486
195,641
107,757
8,90
15,479
28,691
167,657
35,256
162,508
35,3
178,134
77,204
161,969
107,175
97,665
20,578
180,207
176,163
29,463
113,188
146,345
155,691
43,322
174,359
152,688
180,383
35,588
162,195
70,288
81,686
87,968
191,114
16,711
25,389
169,268
195,65
181,737
104,490
157,744
147,220
160,714
165,574
82,648
148,694
194,873
195,373
137,214
55,979
44,591
116,37
115,792
26,892
27,181
104,58
152,960
169,889
67,122
76,383
86,542
102,694
182,785
186,670
95,583
112,813
198,90
100,823
13,560
49,130
142,91
144,492
36,596
125,611
197,341
128,851
30,446
122,859
76,941
103,771
65,488
83,526
182,392
141,890
46,913
63,830
151,41
42,781
112,184
154,306
98,12
116,480
21,782
32,482
50,71
44,650
131,460
159,645
158,817
44,642
151,175
60,139
173,978
15,730
1,196
70,554
83,551
26,598
165,857
111,538
166,707
119,963
52,560
138,303
59,529
57,972
178,962
136,658
58,109
88,502
40,65
171,173
12,180
51,348
31,767
30,497
87,812
129,574
108,81
166,238
58,565
111,841
69,393
138,873
62,857
66,754
193,817
166,890
175,484
13,401
76,859
125,478
10,644
116,724
26,95
66,879
141,642
158,642
73,151
22,263
106,373
76,918
20,451
89,599
171,863
95,394
116,952
144,369
166,428
102,978
140,111
103,895
9,569
72,473
188,928
19,229
189,24
128,906
130,428
1,39
55,646
25,799
174,234
121,502
90,698
176,866
150,598
196,110
91,205
8,19
103,284
48,997
130,209
80,245
156,280
157,299
165,924
70,166
5,761
35,907
131,142
134,273
113,123
50,557
75,840
18,408
63,425
176,634
127,981
51,67
159,814
57,380
73,210
35,770
6,156
34,65
86,959
167,558
162,407
180,41
175,119
136,804
50,203
102,545
91,852
70,797
106,934
94,671
164,213
172,868
169,11
188,980
132,218
50,442
155,777
148,693
33,316
22,909
186,139
196,988
62,376
187,749
83,208
143,728
170,675
12,783
170,119
37,879
46,436
77,517
18,525
50,131
141,609
29,197
44,725
54,947
57,537
19,987
34,706
169,874
38,304
124,817
65,375
58,373
17,338
77,643
167,284
138,840
120,131
11,638
178,912
53,364
198,68
63,985
5,614
79,994
197,171
166,851
16,236
13,945
49,209
130,184
68,679
16,948
146,538
69,42
195,345
102,274
157,237
62,79
8,203
87,953
184,453
48,825
16,721
166,826
60,549
143,48
53,302
173,312
184,524
189,834
22,327
43,710
22,72
121,705
94,876
35,545
187,718
156,367
42,303
165,895
195,20
124,785
198,181
78,613
52,807
52,974
56,352
59,779
76,203
44,970
196,536
41,670
36,312
168,404
90,27
21,878
84,627
117,998
142,7
1,359
116,212
3,949
37,11
187,37
115,800
110,785
168,196
121,759
15,427
39,275
176,52
27,582
93,853
88,720
46,410
153,399
92,190
160,268
13,324
15,87
112,180
69,25
195,568
10,71
79,155
188,287
18,2
93,365
7,805
55,813
165,852
81,978
51,953
128,368
115,610
40,234
138,443
160,987
111,485
22,608
32,331
79,887
166,473
16,733
138,316
130,855
52,829
80,557
182,897
34,361
77,767
3,286
139,234
42,641
7,926
195,941
87,820
135,553
181,481
53,112
99,801
127,771
67,624
99,500
184,875
64,824
9,131
161,843
7,830
165,297
114,269
107,617
88,679
164,787
179,249
98,526
30,198
170,127
109,480
112,199
196,815
176,30
168,180
139,401
4,519
24,886
85,485
103,15
54,326
173,210
185,614
195,627
66,277
3,473
113,307
7,407
149,896
4,450
105,908
196,537
96,116
37,615
192,408
91,240
200,338
155,382
172,309
115,497
55,635
2,151
52,114
15,739
114,71
55,701
47,159
143,805
175,756
83,528
58,701
132,934
37,381
88,598
78,148
190,797
17,644
11,397
167,957
190,377
169,894
23,228
195,303
7,427
15,600
136,951
120,633
26,551
25,380
56,748
109,969
15,159
96,599
51,969
187,34
13,405
80,239
9,216
121,510
154,841
36,703
83,5
116,409
49,283
111,244
14,737
106,63
58,522
15,691
153,888
159,808
164,784
52,115
84,351
41,404
70,648
101,554
78,671
57,706
59,311
84,242
48,758
21,498
10,342
74,169
24,833
69,536
157,23
118,977
120,361
64,259
190,85
138,43
51,152
106,426
83,738
95,532
28,490
174,627
102,814
65,666
123,438
105,277
36,186
13,272
126,603
17,411
43,373
25,905
20,992
10,826
92,639
14,482
63,807
140,363
27,216
178,70
25,916
175,822
83,74
128,324
190,77
87,44
165,232
69,174
61,783
17,932
17,455
3,299
28,444
77,407
123,67
87,690
142,670
32,904
42,131
195,606
96,362
159,746
95,306
197,164
100,307
52,284
152,161
54,781
95,88
53,312
107,959
115,752
10,717
145,167
27,524
26,30
174,457
93,971
165,149
110,945
125,21
140,424
8,703
9,326
179,762
56,483
4,244
41,256
5,985
146,198
144,208
7,49
28,719
153,282
8,975
93,30
112,524
92,716
91,843
113,535
181,426
111,439
125,151
80,111
167,945
17,575
178,206
15,634
148,544
107,499
9,928
140,381
18,878
155,296
105,16
176,561
85,613
144,54
151,100
177,80
174,251
90,208
157,626
156,271
126,275
10,603
7,89
124,272
14,838
114,205
65,924
12,636
111,408
46,691
139,302
107,800
100,634
23,282
32,239
7,61
78,839
46,693
19,379
91,47
194,123
140,861
104,263
98,131
46,420
130,684
24,303
109,677
10,77
172,18
166,409
165,695
41,843
198,332
156,566
112,224
179,755
194,605
131,957
65,651
153,353
37,370
16,7
137,769
124,612
121,545
85,593
55,788
39,534
112,13
108,316
23,224
152,542
21,340
105,768
126,375
94,41
77,288
83,216
42,166
63,222
16,180
100,425
30,39
58,140
38,867
9,81
112,54
4,685
11,480
78,885
175,991
79,958
60,126
141,342
13,143
178,948
96,495
95,654
119,540
93,378
40,462
145,974
172,735
14,502
17,362
49,560
45,850
33,539
78,674
68,600
39,287
71,645
2,617
78,628
91,806
152,696
174,549
156,64
166,687
196,330
98,440
50,918
70,817
65,61
63,514
197,80
25,494
107,414
91,987
78,164
115,480
57,257
73,269
6,115
67,647
165,955
22,978
70,773
197,166
118,445
61,376
75,119
157,249
59,397
123,39
165,416
153,933
39,407
185,54
62,742
33,90
22,19
32,214
140,71
55,652
110,657
199,577
78,224
29,214
82,412
31,478
45,655
128,83
96,998
42,206
196,16
160,787
187,944
14,472
140,705
5,176
105,997
69,621
85,872
158,349
134,748
188,902
160,380
179,549
40,700
48,53
74,339
69,608
23,639
179,967
171,236
184,612
155,779
103,596
38,648
160,828
59,590
80,538
12,519
150,860
62,815
200,649
165,314
152,453
164,823
80,307
123,360
69,172
22,526
104,274
27,551
38,537
71,18
124,341
30,18
77,394
102,489
43,618
108,640
89,137
161,370
36,929
87,258
50,661
61,777
9,163
170,696
84,647
21,313
132,390
195,99
22,43
178,534
199,553
198,70
41,715
44,157
30,114
55,689
125,730
192,960
126,190
60,71
107,411
152,691
124,377
175,958
127,618
197,100
121,847
89,951
173,783
190,36
88,253
126,409
5,387
124,427
198,517
193,782
10,130
47,517
112,379
37,693
26,349
196,98
17,837
103,887
56,961
34,98
174,965
55,400
135,436
166,913
41,660
158,607
7,738
47,557
31,923
60,155
134,541
50,829
32,442
91,742
137,16
55,135
111,883
24,624
88,703
107,890
9,689
179,309
107,748
121,489
148,700
55,688
144,933
149,939
99,209
48,282
104,271
35,603
134,904
70,431
8,896
158,192
194,64
63,132
71,554
98,656
142,490
79,891
172,714
175,505
196,208
193,56
105,695
169,40
95,184
56,653
38,65
17,409
38,233
66,680
96,952
111,66
68,878
121,344
186,656
40,5
185,532
58,114
127,653
105,460
103,863
82,869
101,625
153,554
197,436
1,410
30,672
114,182
25,626
105,576
135,627
66,772
58,98
1,540
118,530
174,944
103,792
177,340
141,883
119,308
100,293
7,24
154,524
172,794
137,451
191,372
183,557
171,476
33,403
53,697
86,237
43,151
2,372
76,975
51,948
66,891
73,629
189,358
133,577
97,600
118,268
33,801
30,663
79,687
67,600
136,210
148,348
145,862
29,464
22,537
154,765
145,61
167,721
31,177
157,567
130,285
106,247
101,571
65,452
20,997
92,401
49,522
128,679
104,783
76,102
143,182
189,974
155,41
41,974
152,244
40,350
72,139
98,220
200,290
86,11
195,820
19,47
64,193
194,244
127,537
13,93
1,877
150,455
181,521
151,210
168,47
80,178
55,93
40,436
122,121
30,205
181,773
115,504
136,862
134,474
104,234
133,586
39,325
126,872
86,454
54,831
174,963
152,9
123,539
171,304
63,391
173,596
129,687
95,148
1,852
163,786
139,377
117,406
37,210
3,372
156,624
36,967
139,973
18,29
190,172
12,22
2,537
42,148
141,482
196,686
37,675
68,261
189,697
80,760
70,183
168,287
181,982
122,254
142,232
74,387
131,702
116,492
54,479
9,363
29,5
119,800
182,265
133,475
12,851
133,767
54,564
18,354
13,204
51,80
128,357
16,764
35,405
74,355
52,392
95,872
125,655
59,457
174,398
75,689
154,936
93,865
81,675
112,648
194,68
21,784
131,847
133,449
180,918
54,166
73,861
107,567
78,450
179,873
81,125
20,843
196,349
3,704
19,214
68,314
30,589
127,514
173,671
177,465
147,785
96,361
143,826
114,391
137,718
37,410
97,345
125,737
132,639
75,382
72,586
127,874
108,435
123,8
177,632
141,882
145,276
82,743
148,659
5,73
186,388
81,656
14,525
38,93
41,36
24,994
66,306
63,957
28,276
140,932
133,589
156,357
111,83
166,729
82,494
15,140
164,724
74,661
140,673
193,421
131,917
173,645
99,847
114,59
166,659
107,743
29,652
193,543
107,362
183,304
52,896
127,885
58,196
147,221
141,406
108,313
114,241
120,508
76,442
157,897
76,586
14,651
91,151
166,469
166,949
145,710
126,819
23,185
137,780
171,487
117,618
106,718
35,978
32,657
200,421
114,899
122,721
54,59
51,192
61,116
108,872
176,268
71,417
160,673
5,668
198,799
106,950
13,592
48,636
122,289
158,689
144,537
173,82
44,925
129,382
197,746
1,235
163,138
28,869
39,725
122,579
70,84
55,87
188,712
16,115
26,926
28,47
95,976
72,991
127,212
33,474
44,980
20,575
113,670
76,667
135,549
198,14
32,328
9,624
192,114
194,554
151,325
66,725
88,714
79,682
26,767
21,640
50,670
39,711
181,159
139,122
126,475
60,644
146,503
111,787
10,561
36,220
69,759
93,386
192,405
7,158
186,86
58,7
187,189
86,589
87,74
147,823
162,982
93,613
57,52
113,735
95,106
1,736
27,526
58,244
192,899
189,789
36,332
13,394
62,671
137,35
181,889
117,350
142,448
63,234
83,581
180,928
192,774
187,834
94,820
128,254
39,482
40,454
91,288
181,292
83,406
124,669
177,42
4,331
188,808
116,845
81,476
47,726
51,83
99,42
25,559
154,878
183,744
15,546
159,837
2,510
38,803
154,10
62,879
191,4
70,886
44,245
84,108
50,195
125,134
66,783
47,836
94,789
149,142
28,527
54,627
181,825
183,103
131,213
26,706
196,976
8,15
56,610
170,309
49,692
184,711
97,779
77,774
187,714
139,23
84,972
164,338
62,743
9,133
52,478
183,465
145,286
149,558
13,377
188,601
125,254
31,986
194,456
17,562
122,240
139,942
77,933
18,650
27,466
18,855
160,756
115,263
99,616
121,851
135,666
35,273
150,777
79,889
107,833
120,58
186,54
147,418
28,838
152,83
144,912
45,112
135,501
30,204
189,481
189,28
24,690
197,206
147,640
167,276
168,297
145,68
18,361
166,738
61,625
158,875
31,795
156,382
98,486
137,943
138,236
91,26
18,813
38,1000
37,279
85,692
167,206
79,265
34,354
14,498
195,118
114,187
35,24
190,354
131,683
57,935
65,50
18,708
77,371
158,854
107,642
68,107
66,580
55,700
42,139
83,735
92,437
169,89
157,660
160,341
158,845
190,714
91,174
110,340
152,248
71,132
180,783
184,320
27,334
77,978
144,874
156,306
114,212
16,637
3,144
16,409
30,276
24,241
68,163
181,106
154,43
154,751
146,930
24,782
4,931
10,873
141,134
95,453
95,2
114,296
198,824
82,602
20,587
13,127
121,268
156,834
133,131
41,29
109,922
126,705
133,151
21,260
86,520
160,512
162,161
179,6
186,706
13,820
9,246
194,376
45,661
51,600
182,808
50,115
85,794
20,155
140,437
194,574
94,20
96,653
104,319
101,117
119,739
79,560
96,849
94,10
169,224
52,705
1,335
84,131
34,685
144,28
164,837
32,736
111,426
19,967
115,119
190,275
122,767
177,285
22,794
58,570
49,455
191,136
119,826
199,627
194,461
77,881
49,73
182,147
17,868
31,238
120,624
108,965
188,148
7,778
100,775
23,424
200,28
132,46
39,154
6,487
177,188
195,613
95,157
198,530
195,995
120,658
46,434
144,811
173,689
89,886
31,357
13,805
79,840
108,511
127,361
83,83
102,134
189,131
142,117
166,479
93,876
145,59
46,559
120,132
120,524
116,675
119,109
99,914
161,780
74,418
71,425
28,355
55,582
29,58
76,213
72,845
182,226
41,298
33,818
197,695
108,324
138,564
141,782
141,410
70,241
160,168
106,194
89,291
149,32
13,841
188,555
165,397
123,875
95,602
44,489
133,56
190,179
69,822
107,82
196,533
64,56
168,422
176,623
23,350
47,200
89,403
198,839
157,659
115,167
51,454
12,569
145,476
25,74
78,268
21,397
173,304
158,989
196,196
108,984
170,28
87,305
200,29
46,299
65,30
124,206
66,155
44,977
127,196
123,52
156,630
146,343
163,833
62,647
160,246
180,594
81,384
9,103
43,810
132,525
74,968
91,6
80,450
53,673
27,426
78,409
84,517
4,356
123,907
19,254
86,769
140,154
187,499
30,459
19,127
3,971
136,330
17,880
100,399
105,80
120,996
176,459
14,350
169,858
98,53
73,220
15,414
6,79
111,375
141,382
36,996
59,873
162,94
35,483
189,126
86,793
62,733
7,544
117,856
127,408
40,319
34,570
71,849
49,668
39,276
167,70
3,685
43,893
187,830
156,694
153,768
14,54
29,649
17,672
160,519
63,223
87,376
151,739
177,872
34,301
76,745
1,751
120,263
149,204
7,767
101,700
22,699
109,285
68,438
173,551
147,685
148,394
109,545
62,257
82,969
31,692
55,171
111,93
180,982
110,856
143,821
50,828
95,657
105,257
81,489
138,13
54,636
152,695
187,256
91,483
103,548
30,252
29,608
162,840
88,810
76,278
103,427
110,346
188,4
164,199
46,828
70,810
81,429
101,485
162,74
24,85
10,840
132,418
61,623
43,114
114,948
49,555
53,642
137,485
148,623
190,107
17,717
37,378
146,738
187,307
24,472
83,251
184,911
18,171
189,245
124,610
147,852
181,547
158,918
100,100
98,442
14,345
130,884
146,437
55,597
24,463
173,737
38,330
3,428
25,419
187,559
190,740
194,418
23,99
47,716
200,978
170,356
119,762
141,260
115,441
105,533
176,743
101,556
185,911
66,458
136,733
173,834
152,617
156,456
168,114
66,100
153,774
56,227
72,265
135,319
160,335
41,305
4,167
140,392
52,804
163,246
176,15
39,601
94,844
118,100
6,1000
187,892
54,231
2,908
150,341
59,563
133,930
187,277
61,543
22,901
91,280
195,197
7,615
174,310
137,393
102,146
88,890
157,808
109,250
125,658
67,4
198,929
30,120
76,541
12,288
50,530
50,355
39,297
133,456
98,950
142,136
8,908
147,754
140,792
111,564
143,22
82,325
137,311
182,195
2,729
182,166
77,777
155,59
199,906
31,592
149,129
84,979
11,436
58,397
183,200
183,853
112,46
51,951
188,277
41,481
114,994
199,612
173,699
154,423
44,340
193,161
178,296
81,616
89,262
123,497
23,972
97,23
196,829
33,746
183,452
3,813
66,579
72,945
175,127
101,454
88,144
104,289
71,47
123,239
82,323
80,670
40,365
196,487
171,411
15,650
112,102
120,605
94,825
36,574
99,371
93,124
179,623
86,545
68,467
182,442
121,626
158,934
18,67
122,961
52,743
101,375
115,262
92,567
169,794
119,149
117,990
104,612
150,63
48,18
67,801
138,631
143,247
61,301
1,867
5,375
43,26
67,895
72,911
64,372
22,717
37,780
38,588
145,561
128,56
162,932
138,126
187,298
156,710
80,350
154,535
53,377
167,126
60,858
137,123
46,700
22,905
65,796
78,528
94,187
162,571
191,98
86,413
77,212
174,860
181,736
89,412
129,348
84,863
156,463
138,204
46,101
44,198
121,958
34,586
105,86
64,890
196,555
7,284
43,446
48,390
9,237
194,993
85,73
103,900
52,327
10,173
51,623
13,33
155,501
161,430
150,508
80,665
19,324
85,636
182,551
197,870
142,380
182,787
59,406
101,888
171,730
191,132
50,551
191,740
150,859
90,12
114,973
126,306
122,438
74,442
140,606
101,975
74,212
164,781
126,962
147,32
199,60
49,616
27,184
95,247
90,694
151,935
161,953
19,190
13,357
58,800
7,834
36,158
128,349
173,140
130,922
84,189
4,901
37,54
174,990
178,600
187,747
195,745
108,733
197,26
57,785
165,893
74,949
33,308
9,854
181,206
80,690
59,86
83,120
187,528
111,975
177,276
118,517
195,456
126,414
173,164
200,800
47,179
40,665
124,941
128,171
145,451
56,385
49,238
50,267
81,137
32,286
119,142
181,479
159,27
23,790
137,679
146,208
101,342
9,321
197,708
80,476
61,259
97,13
50,8
61,464
113,408
182,628
72,413
130,176
61,401
57,941
57,409
17,405
189,718
47,693
187,51
34,120
113,781
22,233
12,991
130,100
131,607
163,729
109,896
176,968
150,228
45,288
115,478
9,667
165,850
31,648
99,729
88,681
131,45
12,250
84,340
15,231
152,710
188,361
56,300
2,288
137,495
102,616
113,74
90,703
99,255
1,92
20,303
86,133
190,33
17,292
135,47
164,612
170,360
65,788
43,343
90,836
106,375
28,197
14,414
187,624
36,86
139,424
112,916
184,926
142,743
112,826
90,759
119,659
79,439
121,154
34,213
18,918
89,373
147,222
31,239
73,887
112,34
162,320
82,901
9,462
148,90
171,465
138,919
113,13
33,736
71,886
121,69
79,606
15,945
147,231
183,837
173,40
7,898
82,929
62,715
158,433
155,397
117,461
127,261
142,409
175,235
85,419
86,59
52,774
59,2
105,423
27,556
75,95
118,720
82,459
138,699
54,323
180,458
158,913
31,20
180,715
29,642
143,947
148,396
167,802
31,924
60,300
53,761
1,54
183,432
136,459
3,989
4,595
145,373
146,632
28,316
82,39
184,82
28,61
67,110
39,139
135,286
70,789
156,708
155,459
111,156
52,196
24,41
63,802
19,353
72,151
114,350
146,559
18,634
199,530
22,243
45,684
128,237
59,794
122,50
64,630
176,925
167,45
86,538
4,98
23,745
146,406
93,194
96,300
143,937
21,239
91,989
188,890
179,101
103,621
170,855
159,780
11,939
196,700
170,976
134,161
80,644
60,395
126,76
39,224
154,509
41,822
196,628
151,604
197,513
121,744
87,662
114,311
152,61
155,909
6,63
165,358
115,950
116,489
193,770
111,666
165,820
173,55
161,93
179,434
11,545
121,353
40,51
153,215
105,271
20,769
183,747
38,24
153,854
104,802
1,791
136,262
32,642
185,489
10,58
52,58
24,794
132,872
48,960
86,411
86,755
150,673
40,630
195,607
74,972
131,437
144,425
199,445
90,866
105,89
156,571
135,154
187,355
68,522
165,193
6,858
85,289
167,202
159,38
39,914
57,748
67,967
42,786
32,219
63,703
65,777
142,103
124,201
66,235
20,802
132,984
180,356
116,308
95,916
164,30
111,5
195,115
27,408
111,72
108,171
187,914
117,243
37,812
18,111
177,591
5,858
120,643
199,351
110,407
38,19
6,406
16,858
149,681
61,513
190,34
190,794
108,753
156,332
118,41
5,353
97,848
173,552
44,570
40,185
165,639
22,383
189,49
188,836
53,225
71,773
98,693
89,798
78,957
181,421
108,167
105,115
33,664
109,63
191,561
75,177
20,389
137,939
103,768
27,368
144,854
45,421
122,838
186,111
37,517
151,212
187,760
12,138
180,690
59,663
34,432
154,911
75,696
19,451
45,590
57,115
143,977
12,129
110,22
77,539
38,202
54,363
170,561
170,743
5,242
126,182
80,832
4,26
95,285
184,6
55,807
65,531
53,28
183,583
132,966
21,607
52,937
58,781
32,428
64,569
162,641
162,759
141,592
184,216
144,375
26,83
71,304
4,757
170,83
62,106
91,220
178,78
66,686
62,670
115,579
120,376
70,411
79,81
137,844
53,973
187,758
140,881
74,497
193,856
40,96
54,385
94,198
127,681
66,489
186,647
118,737
79,940
66,276
153,53
162,218
137,973
159,717
155,635
69,150
79,96
118,433
87,410
164,105
107,55
14,690
48,251
7,619
117,189
35,693
54,988
84,302
59,622
181,617
39,847
45,413
190,291
159,372
104,924
24,273
15,499
191,33
23,743
78,923
169,97
17,626
199,459
154,846
156,99
52,208
136,259
106,429
191,107
173,751
72,250
27,389
138,213
186,652
137,97
162,825
194,501
155,12
44,524
118,96
165,242
47,40
189,388
183,777
8,483
184,131
115,48
137,937
8,860
107,33
27,857
158,133
24,950
132,197
28,376
61,409
11,5
137,594
8,355
60,790
107,339
178,345
98,273
158,573
132,180
43,540
119,717
57,733
33,71
47,767
102,900
74,12
127,509
168,588
159,980
74,498
23,255
80,161
41,862
54,955
19,942
190,605
139,735
88,474
106,740
105,41
165,291
64,991
118,755
121,588
56,310
196,46
29,336
58,310
1,647
106,628
76,266
143,693
41,638
72,948
119,48
163,938
100,167
91,608
113,536
28,180
131,188
85,719
116,229
101,566
137,805
119,703
34,289
132,614
11,895
79,285
161,25
170,423
163,865
132,190
93,641
16,839
56,308
4,964
96,498
146,475
39,1
173,110
16,302
55,543
153,207
18,37
163,598
12,206
178,950
139,590
168,371
40,471
64,130
36,989
175,494
154,346
66,499
12,690
58,929
162,938
50,987
175,76
189,140
121,159
21,532
116,317
21,481
177,430
83,337
35,514
45,588
38,294
34,353
140,30
130,547
18,986
77,97
154,25
136,170
29,816
54,836
183,723
179,964
98,3
79,933
161,942
22,255
109,311
105,42
135,70
170,187
73,660
193,272
45,205
143,533
45,750
159,370
58,916
60,985
70,800
184,574
144,133
197,773
69,411
65,387
78,862
46,895
63,705
155,689
129,731
146,118
50,873
77,124
105,46
63,180
181,385
60,472
75,771
166,38
85,966
113,789
130,892
33,772
22,596
60,706
112,536
198,3
169,699
80,16
174,662
139,188
69,662
21,999
10,312
88,635
152,990
52,983
16,381
62,569
27,767
184,740
18,694
150,60
12,140
18,538
60,130
33,538
194,491
64,946
7,867
110,322
141,131
160,981
121,957
64,541
176,618
83,277
161,932
83,259
118,210
116,995
156,445
73,836
137,517
169,958
36,983
150,469
68,2
146,473
72,157
155,986
187,330
192,709
6,881
171,41
50,663
148,893
15,277
97,896
174,435
180,694
120,627
133,244
127,503
107,588
111,88
7,333
3,479
134,166
5,492
59,180
143,192
58,904
137,49
6,860
65,640
61,5
131,866
171,661
193,976
96,642
161,377
126,655
134,32
96,947
2,859
26,854
158,786
199,403
73,978
2,245
2,477
143,173
9,111
193,833
96,120
52,929
162,522
103,317
147,770
74,975
20,104
7,741
92,252
160,259
183,248
120,156
136,188
3,201
48,416
98,304
96,809
126,807
82,70
176,127
191,798
83,715
40,676
173,26
118,855
22,686
191,926
96,466
141,230
106,337
11,346
80,856
84,45
49,42
38,279
128,575
33,989
13,150
153,611
80,765
42,577
196,34
118,715
11,125
136,77
181,119
160,437
41,373
47,938
157,52
179,95
107,140
153,799
72,456
188,756
102,889
130,724
135,149
67,502
75,559
17,46
43,63
70,209
94,70
91,83
3,469
99,684
90,192
121,11
73,498
141,662
116,464
108,408
176,700
181,65
18,860
135,389
78,421
45,292
8,120
188,717
20,8
122,533
177,19
28,284
131,10
88,630
8,78
193,400
158,897
54,608
78,998
197,369
186,449
4,476
164,509
109,193
164,719
147,465
167,4
85,959
17,143
133,190
126,462
185,690
25,631
168,687
123,457
120,309
95,659
13,44
90,810
102,349
94,409
91,682
109,103
165,2
182,101
19,631
58,710
169,159
66,611
8,276
145,115
118,839
146,300
70,134
187,448
154,617
34,492
137,377
11,428
187,322
27,396
6,553
164,993
132,40
84,467
153,182
136,822
26,955
156,860
129,965
103,267
64,449
50,206
66,367
154,818
3,289
60,11
129,422
118,668
103,489
145,9
35,656
108,441
183,696
65,117
98,65
185,718
194,399
144,586
114,593
119,140
185,635
122,86
192,457
149,838
60,163
164,458
75,226
77,16
180,276
149,680
110,922
18,404
178,851
6,734
186,232
26,408
90,167
9,94
62,562
198,244
100,982
187,19
165,700
157,159
57,185
31,374
37,143
73,538
76,322
34,635
188,369
80,312
34,746
162,669
174,77
172,519
23,217
88,656
77,606
76,2
193,275
122,890
183,843
68,876
81,890
13,487
33,117
54,671
180,264
46,769
154,82
51,720
187,62
108,351
48,690
60,231
149,996
110,745
157,949
153,62
23,514
15,523
152,583
1,454
134,41
155,53
39,251
81,506
14,340
160,389
56,137
60,385
129,75
16,693
191,546
66,339
148,4
145,835
4,28
79,809
99,379
94,122
123,437
83,905
65,936
17,301
192,356
13,454
48,381
18,916
30,697
152,973
122,547
110,823
109,61
7,297
188,613
92,314
173,373
6,125
168,988
97,608
33,635
112,446
144,631
192,336
107,604
82,546
102,147
172,267
156,829
1,494
41,902
97,515
14,910
144,499
131,776
77,375
64,771
158,755
83,101
38,245
5,909
78,567
170,291
176,331
197,893
162,696
143,49
101,500
175,110
41,51
9,794
189,724
31,34
18,682
9,234
97,846
68,134
153,102
61,389
18,999
199,189
14,479
69,976
20,500
70,177
74,967
155,840
57,652
153,792
181,431
193,512
74,38
81,337
142,384
192,653
94,209
29,693
140,589
99,208
94,894
200,671
62,905
95,52
62,350
56,660
83,700
6,169
10,418
185,165
18,459
18,829
196,725
98,844
121,135
160,318
153,276
123,494
90,90
105,561
141,22
82,311
99,559
134,893
100,50
35,647
162,78
128,890
65,3
124,710
41,703
101,189
165,597
88,196
138,145
79,985
133,620
103,295
187,819
27,172
36,676
188,877
65,259
146,602
21,343
173,333
183,1
48,131
90,233
153,901
98,498
152,572
105,309
74,288
77,916
40,645
108,714
108,67
159,657
56,631
98,275
139,747
166,6
157,203
26,186
76,40
115,41
49,955
76,489
121,571
197,274
40,957
61,859
165,97
72,22
71,569
148,37
149,258
6,670
187,913
50,184
148,561
34,553
125,721
165,563
50,114
176,863
179,884
87,339
66,845
59,607
108,163
195,77
139,410
111,629
199,250
153,709
176,109
173,837
148,681
43,285
42,804
43,76
55,534
125,278
182,420
148,85
143,216
178,387
112,977
55,372
69,186
78,554
24,90
46,679
149,315
178,437
115,931
23,71
84,888
197,575
3,582
28,480
167,47
10,19
167,362
115,776
23,487
100,871
60,105
63,521
75,938
141,604
3,564
41,409
163,701
194,942
34,459
44,447
160,831
101,340
90,998
82,405
30,801
106,471
116,659
86,409
89,340
153,816
2,115
36,36
57,463
136,29
47,10
110,280
46,709
2,988
78,177
40,760
112,557
192,596
122,617
63,406
198,595
42,109
43,865
91,1
110,869
133,401
129,118
52,671
106,617
60,357
44,194
131,299
37,408
2,681
145,119
104,676
192,496
104,605
123,901
50,339
99,389
123,200
179,328
169,951
77,635
90,97
79,614
45,109
18,173
194,47
143,985
10,219
132,109
186,823
2,765
114,76
106,952
17,698
146,280
180,660
39,210
156,930
81,253
163,502
49,394
53,618
142,517
42,33
155,514
148,716
114,331
144,408
115,679
100,223
5,644
29,714
79,794
59,111
56,718
134,982
50,783
33,358
162,711
150,170
35,266
98,632
128,497
184,925
110,521
50,666
47,493
8,446
95,404
48,650
37,21
47,130
100,969
162,317
68,88
164,580
197,732
69,769
87,373
194,747
56,520
46,810
24,967
37,224
159,909
199,425
69,119
85,261
41,143
80,358
66,989
40,729
50,148
106,616
148,101
86,568
33,868
132,786
34,631
132,907
184,432
132,383
121,743
155,570
85,446
133,252
38,781
7,224
123,625
12,567
175,565
198,499
98,345
176,674
59,510
179,675
79,211
197,990
91,66
37,7
58,761
6,865
163,93
30,563
79,66
140,261
163,759
82,48
24,106
40,833
117,646
151,476
70,176
108,571
58,396
163,474
133,32
81,108
159,763
185,519
24,265
49,458
61,141
186,13
111,753
45,918
169,813
139,297
92,992
7,650
145,985
189,460
106,172
151,72
154,405
180,293
141,513
143,415
61,722
22,166
34,979
184,279
141,123
117,626
85,986
38,32
65,759
177,379
21,755
34,958
74,443
42,102
49,848
183,435
76,864
74,681
41,873
11,987
89,298
16,937
137,999
13,740
127,636
27,573
103,315
143,67
41,195
55,590
28,597
147,317
84,359
101,66
177,869
37,776
48,873
101,72
74,923
29,376
194,168
22,84
152,280
157,469
63,600
174,542
185,442
52,9
50,927
178,818
140,502
77,389
161,577
98,702
61,36
43,656
161,264
179,442
80,971
4,808
147,69
78,872
45,335
43,38
173,624
98,820
49,623
95,435
76,333
48,144
182,869
140,689
191,220
59,610
164,593
114,354
